Problem Category,Specific Issue,Symptoms,Root Cause,Impact Level,Solution Approach,Tools/Techniques,2024 Trends
Content Cohesion,Poor information flow,Confusing transitions between topics,Starting sentences with new information instead of old-to-new pattern,High,Apply old-to-new information sequencing,Strategic transitional devices and logical progression,AI-powered content flow analysis
Content Cohesion,Circular references,Documentation loops back on itself,Poor information architecture planning,Medium,Create clear information hierarchy,Site maps and content inventories,Progressive disclosure patterns
Cognitive Load,Information overwhelm,Users can't process or retain information,Too much information presented simultaneously,High,Implement progressive disclosure,Layer information across multiple screens,AI-driven adaptive content complexity
Cognitive Load,Excessive cognitive overhead,Users struggle with basic tasks,Design forces users to remember too much,High,Shift cognitive tasks away from users,Minimize reading and decision-making requirements,Personalized documentation experiences
Reading Patterns,F-pattern fallback behavior,Users scan instead of read,Poor visual hierarchy and content organization,Medium,Create intentional reading paths,Layer-cake scanning design with clear visual hierarchy,Mobile-first visual design
Reading Patterns,Poor scannability,Users can't quickly find relevant information,Lack of clear headings and visual structure,Medium,Implement three-level typography hierarchy,High contrast headings and strategic spacing,Interactive content elements
Visual Hierarchy,Inconsistent typography,Confusing content prioritization,No established design system,Medium,Establish consistent typographic patterns,14-24px body text with clear heading hierarchy,Typography automation tools
Visual Hierarchy,Poor mobile experience,Content difficult to navigate on small screens,Desktop-first design approach,High,Mobile-first design principles,Responsive typography and touch-friendly navigation,PWA and mobile optimization
Audience Analysis,Generic content,Documentation doesn't serve specific user needs,Lack of user persona development,High,Create data-driven user personas,User research and collaborative persona development,Analytics-integrated persona systems
Audience Analysis,Wrong complexity level,Content too simple or too complex,Misunderstanding of audience expertise,Medium,Develop multiple user personas,Persona-based content targeting and tone adaptation,AI-powered content personalization
Information Architecture,Poor findability,Users can't locate needed information,Inadequate taxonomy and navigation design,High,Conduct card sorting and tree testing,User mental model research and IA validation,AI-powered content organization
Information Architecture,Broken navigation,Dead links and confusing structure,Lack of systematic IA planning and maintenance,High,Implement comprehensive IA testing,Regular link validation and navigation audits,Automated link checking tools
Content Quality,Outdated information,Documentation references obsolete processes,Lack of content maintenance lifecycle,High,Establish documentation governance,Regular content audits and update cycles,Docs-as-code automation
Content Quality,Incomplete documentation,Missing critical information or edge cases,Insufficient requirements gathering,High,Comprehensive content coverage analysis,Gap analysis and user feedback integration,AI-assisted content gap detection
Writing Quality,Poor language clarity,Confusing sentences and undefined jargon,Lack of plain language principles,Medium,Apply plain language guidelines,Conversational tone with technical accuracy,AI-powered writing assistance
Writing Quality,Grammar and spelling errors,Unprofessional appearance and confusion,Insufficient editorial review process,Low,Multi-level editorial review,Automated proofreading and style checking,AI grammar and style validation
Maintenance,Content decay over time,Documentation becomes increasingly inaccurate,No systematic update process,High,Automated content synchronization,Version control integration and change tracking,Real-time code-documentation sync
Maintenance,Inconsistent updates,Some sections current while others outdated,Decentralized maintenance without coordination,Medium,Centralized content governance,Clear ownership and maintenance responsibilities,Documentation-as-product management
Tool Integration,Manual documentation processes,Time-intensive content creation and updates,Lack of automation tooling,Medium,Implement docs-as-code workflows,Static site generators and automated deployment,AI-powered content generation
Tool Integration,Poor collaboration workflows,Difficulty coordinating documentation changes,Inadequate collaborative tooling,Medium,Collaborative documentation platforms,Version control and review processes,Real-time collaborative editing
User Experience,Hidden or inaccessible documentation,Users can't find or access information,Poor information discovery design,High,Improve documentation discoverability,Search optimization and clear entry points,LLM-friendly documentation formats
User Experience,No interactive testing capability,Users can't validate information,Static documentation without testing features,Medium,Integrate interactive testing tools,API testing consoles within documentation,Live code examples and sandboxes
Performance,Slow content loading,Poor user experience and abandonment,Unoptimized content delivery,Low,Optimize content delivery performance,CDN deployment and image optimization,Static site generation and caching
Performance,Poor search functionality,Users can't find specific information,Inadequate search implementation,Medium,Implement comprehensive search,Full-text search with faceting and filtering,AI-powered semantic search
Business Impact,High support costs,Increased customer service burden,Poor self-service documentation quality,High,Improve documentation self-service capability,Comprehensive troubleshooting guides and FAQs,AI-powered help systems
Business Impact,Slow user adoption,Products not adopted due to poor documentation,Documentation doesn't support user onboarding,High,Create user-centered onboarding documentation,Progressive disclosure and guided tutorials,Interactive onboarding experiences
Business Impact,Developer productivity loss,Time wasted on documentation issues,Poor developer experience design,High,Optimize for developer workflow integration,IDE integration and workflow-embedded help,Context-aware documentation